{"stats":{"minecraft:custom":{"minecraft:jump":47,"minecraft:time_since_rest":6021,"minecraft:leave_game":2,"minecraft:crouch_one_cm":512,"minecraft:sprint_one_cm":4358,"minecraft:play_time":6021,"minecraft:time_since_death":6021,"minecraft:walk_on_water_one_cm":112,"minecraft:walk_one_cm":5480,"minecraft:sneak_time":138,"minecraft:total_world_time":6021,"minecraft:climb_one_cm":181,"minecraft:walk_under_water_one_cm":576,"minecraft:fall_one_cm":743,"minecraft:fly_one_cm":10671},"minecraft:picked_up":{"minecraft:dirt":2},"minecraft:mined":{"minecraft:grass_block":2}},"DataVersion":3465}