{"stats":{"minecraft:custom":{"minecraft:jump":36,"minecraft:time_since_rest":5374,"minecraft:leave_game":1,"minecraft:crouch_one_cm":488,"minecraft:sprint_one_cm":3762,"minecraft:play_time":5374,"minecraft:walk_on_water_one_cm":112,"minecraft:time_since_death":5374,"minecraft:walk_one_cm":4555,"minecraft:sneak_time":102,"minecraft:climb_one_cm":181,"minecraft:total_world_time":5374,"minecraft:walk_under_water_one_cm":576,"minecraft:fall_one_cm":743,"minecraft:fly_one_cm":9269},"minecraft:mined":{"minecraft:grass_block":1},"minecraft:picked_up":{"minecraft:dirt":1}},"DataVersion":3465}